Title;Price;Availability
A Light in the Attic;£51.77;In stock
Tipping the Velvet;£51.77;In stock
Soumission;£51.77;In stock
Sharp Objects;£51.77;In stock
Sapiens: A Brief History of Humankind;£51.77;In stock
The Requiem Red;£51.77;In stock
The Dirty Little Secrets of Getting Your Dream Job;£51.77;In stock
The Coming Woman: A Novel Based on the Life of the Infamous Feminist, Victoria Woodhull;£51.77;In stock
The Boys in the Boat: Nine Americans and Their Epic Quest for Gold at the 1936 Berlin Olympics;£51.77;In stock
The Black Maria;£51.77;In stock
Starving Hearts (Triangular Trade Trilogy, #1);£51.77;In stock
Shakespeare's Sonnets;£51.77;In stock
Set Me Free;£51.77;In stock
Scott Pilgrim's Precious Little Life (Scott Pilgrim #1);£51.77;In stock
Rip it Up and Start Again;£51.77;In stock
Our Band Could Be Your Life: Scenes from the American Indie Underground, 1981-1991;£51.77;In stock
Olio;£51.77;In stock
Mesaerion: The Best Science Fiction Stories 1800-1849;£51.77;In stock
Libertarianism for Beginners;£51.77;In stock
It's Only the Himalayas;£51.77;In stock
In Her Wake;£12.84;In stock
How Music Works;£12.84;In stock
Foolproof Preserving: A Guide to Small Batch Jams, Jellies, Pickles, Condiments, and More: A Foolproof Guide to Making Small Batch Jams, Jellies, Pickles, Condiments, and More;£12.84;In stock
Chase Me (Paris Nights #2);£12.84;In stock
Black Dust;£12.84;In stock
Birdsong: A Story in Pictures;£12.84;In stock
America's Cradle of Quarterbacks: Western Pennsylvania's Football Factory from Johnny Unitas to Joe Montana;£12.84;In stock
Aladdin and His Wonderful Lamp;£12.84;In stock
Worlds Elsewhere: Journeys Around Shakespeare’s Globe;£12.84;In stock
Wall and Piece;£12.84;In stock
The Four Agreements: A Practical Guide to Personal Freedom;£12.84;In stock
The Five Love Languages: How to Express Heartfelt Commitment to Your Mate;£12.84;In stock
The Elephant Tree;£12.84;In stock
The Bear and the Piano;£12.84;In stock
Sophie's World;£12.84;In stock
Penny Maybe;£12.84;In stock
Maude (1883-1993):She Grew Up with the country;£12.84;In stock
In a Dark, Dark Wood;£12.84;In stock
Behind Closed Doors;£12.84;In stock
You can't bury them all: Poems;£12.84;In stock
Slow States of Collapse: Poems;£57.31;In stock
Reasons to Stay Alive;£57.31;In stock
Private Paris (Private #10);£57.31;In stock
#HigherSelfie: Wake Up Your Life. Free Your Soul. Find Your Tribe.;£57.31;In stock
Without Borders (Wanderlove #1);£57.31;In stock
When We Collided;£57.31;In stock
We Love You, Charlie Freeman;£57.31;In stock
Untitled Collection: Sabbath Poems 2014;£57.31;In stock
Unseen City: The Majesty of Pigeons, the Discreet Charm of Snails & Other Wonders of the Urban Wilderness;£57.31;In stock
Unicorn Tracks;£57.31;In stock
Unbound: How Eight Technologies Made Us Human, Transformed Society, and Brought Our World to the Brink;£57.31;In stock
Tsubasa: WoRLD CHRoNiCLE 2 (Tsubasa WoRLD CHRoNiCLE #2);£57.31;In stock
Throwing Rocks at the Google Bus: How Growth Became the Enemy of Prosperity;£57.31;In stock
This One Summer;£57.31;In stock
Thirst;£57.31;In stock
The Torch Is Passed: A Harding Family Story;£57.31;In stock
The Secret of Dreadwillow Carse;£57.31;In stock
The Pioneer Woman Cooks: Dinnertime: Comfort Classics, Freezer Food, 16-Minute Meals, and Other Delicious Ways to Solve Supper!;£57.31;In stock
The Past Never Ends;£57.31;In stock
The Natural History of Us (The Fine Art of Pretending #2);£57.31;In stock
The Nameless City (The Nameless City #1);£38.16;In stock
The Murder That Never Was (Forensic Instincts #5);£38.16;In stock
The Most Perfect Thing: Inside (and Outside) a Bird's Egg;£38.16;In stock
The Mindfulness and Acceptance Workbook for Anxiety: A Guide to Breaking Free from Anxiety, Phobias, and Worry Using Acceptance and Commitment Therapy;£38.16;In stock
The Life-Changing Magic of Tidying Up: The Japanese Art of Decluttering and Organizing;£38.16;In stock
The Inefficiency Assassin: Time Management Tactics for Working Smarter, Not Longer;£38.16;In stock
The Gutsy Girl: Escapades for Your Life of Epic Adventure;£38.16;In stock
The Electric Pencil: Drawings from Inside State Hospital No. 3;£38.16;In stock
The Death of Humanity: and the Case for Life;£38.16;In stock
The Bulletproof Diet: Lose up to a Pound a Day, Reclaim Energy and Focus, Upgrade Your Life;£38.16;In stock
The Art Forger;£38.16;In stock
The Age of Genius: The Seventeenth Century and the Birth of the Modern Mind;£38.16;In stock
The Activist's Tao Te Ching: Ancient Advice for a Modern Revolution;£38.16;In stock
Spark Joy: An Illustrated Master Class on the Art of Organizing and Tidying Up;£38.16;In stock
Soul Reader;£38.16;In stock
Security;£38.16;In stock
Saga, Volume 6 (Saga (Collected Editions) #6);£38.16;In stock
Saga, Volume 5 (Saga (Collected Editions) #5);£38.16;In stock
Reskilling America: Learning to Labor in the Twenty-First Century;£38.16;In stock
Rat Queens, Vol. 3: Demons (Rat Queens (Collected Editions) #11-15);£38.16;In stock
Princess Jellyfish 2-in-1 Omnibus, Vol. 01 (Princess Jellyfish 2-in-1 Omnibus #1);£13.61;In stock
Princess Between Worlds (Wide-Awake Princess #5);£13.61;In stock
Pop Gun War, Volume 1: Gift;£13.61;In stock
Political Suicide: Missteps, Peccadilloes, Bad Calls, Backroom Hijinx, Sordid Pasts, Rotten Breaks, and Just Plain Dumb Mistakes in the Annals of American Politics;£13.61;In stock
Patience;£13.61;In stock
Outcast, Vol. 1: A Darkness Surrounds Him (Outcast #1);£13.61;In stock
orange: The Complete Collection 1 (orange: The Complete Collection #1);£13.61;In stock
Online Marketing for Busy Authors: A Step-By-Step Guide;£13.61;In stock
On a Midnight Clear;£13.61;In stock
Obsidian (Lux #1);£13.61;In stock
My Paris Kitchen: Recipes and Stories;£13.61;In stock
Masks and Shadows;£13.61;In stock
Mama Tried: Traditional Italian Cooking for the Screwed, Crude, Vegan, and Tattooed;£13.61;In stock
Lumberjanes, Vol. 2: Friendship to the Max (Lumberjanes #5-8);£13.61;In stock
Lumberjanes, Vol. 1: Beware the Kitten Holy (Lumberjanes #1-4);£13.61;In stock
Lumberjanes Vol. 3: A Terrible Plan (Lumberjanes #9-12);£13.61;In stock
Layered: Baking, Building, and Styling Spectacular Cakes;£13.61;In stock
Judo: Seven Steps to Black Belt (an Introductory Guide for Beginners);£13.61;In stock
Join;£13.61;In stock
In the Country We Love: My Family Divided;£13.61;In stock
Immunity: How Elie Metchnikoff Changed the Course of Modern Medicine;£57.36;In stock
I Hate Fairyland, Vol. 1: Madly Ever After (I Hate Fairyland (Compilations) #1-5);£57.36;In stock
I am a Hero Omnibus Volume 1;£57.36;In stock
How to Be Miserable: 40 Strategies You Already Use;£57.36;In stock
Her Backup Boyfriend (The Sorensen Family #1);£57.36;In stock
Giant Days, Vol. 2 (Giant Days #5-8);£57.36;In stock
Forever and Forever: The Courtship of Henry Longfellow and Fanny Appleton;£57.36;In stock
First and First (Five Boroughs #3);£57.36;In stock
Fifty Shades Darker (Fifty Shades #2);£57.36;In stock
Everydata: The Misinformation Hidden in the Little Data You Consume Every Day;£57.36;In stock
Don't Be a Jerk: And Other Practical Advice from Dogen, Japan's Greatest Zen Master;£57.36;In stock
Danganronpa Volume 1;£57.36;In stock
Crown of Midnight (Throne of Glass #2);£57.36;In stock
Codename Baboushka, Volume 1: The Conclave of Death;£57.36;In stock
Camp Midnight;£57.36;In stock
Call the Nurse: True Stories of a Country Nurse on a Scottish Isle;£57.36;In stock
Burning;£57.36;In stock
Bossypants;£57.36;In stock
Bitch Planet, Vol. 1: Extraordinary Machine (Bitch Planet (Collected Editions));£57.36;In stock
Avatar: The Last Airbender: Smoke and Shadow, Part 3 (Smoke and Shadow #3);£57.36;In stock
Algorithms to Live By: The Computer Science of Human Decisions;£30.81;In stock
A World of Flavor: Your Gluten Free Passport;£30.81;In stock
A Piece of Sky, a Grain of Rice: A Memoir in Four Meditations;£30.81;In stock
A Murder in Time;£30.81;In stock
A Flight of Arrows (The Pathfinders #2);£30.81;In stock
A Fierce and Subtle Poison;£30.81;In stock
A Court of Thorns and Roses (A Court of Thorns and Roses #1);£30.81;In stock
(Un)Qualified: How God Uses Broken People to Do Big Things;£30.81;In stock
You Are What You Love: The Spiritual Power of Habit;£30.81;In stock
William Shakespeare's Star Wars: Verily, A New Hope (William Shakespeare's Star Wars #4);£30.81;In stock
Tuesday Nights in 1980;£30.81;In stock
Tracing Numbers on a Train;£30.81;In stock
Throne of Glass (Throne of Glass #1);£30.81;In stock
Thomas Jefferson and the Tripoli Pirates: The Forgotten War That Changed American History;£30.81;In stock
Thirteen Reasons Why;£30.81;In stock
The White Cat and the Monk: A Retelling of the Poem “Pangur Bán”;£30.81;In stock
The Wedding Dress;£30.81;In stock
The Vacationers;£30.81;In stock
The Third Wave: An Entrepreneur’s Vision of the Future;£30.81;In stock
The Stranger;£30.81;In stock
The Shadow Hero (The Shadow Hero);£33.14;In stock
The Secret (The Secret #1);£33.14;In stock
The Regional Office Is Under Attack!;£33.14;In stock
The Psychopath Test: A Journey Through the Madness Industry;£33.14;In stock
The Project;£33.14;In stock
The Power of Now: A Guide to Spiritual Enlightenment;£33.14;In stock
The Omnivore's Dilemma: A Natural History of Four Meals;£33.14;In stock
The Nerdy Nummies Cookbook: Sweet Treats for the Geek in All of Us;£33.14;In stock
The Murder of Roger Ackroyd (Hercule Poirot #4);£33.14;In stock
The Mistake (Off-Campus #2);£33.14;In stock
The Matchmaker's Playbook (Wingmen Inc. #1);£33.14;In stock
The Love and Lemons Cookbook: An Apple-to-Zucchini Celebration of Impromptu Cooking;£33.14;In stock
The Long Shadow of Small Ghosts: Murder and Memory in an American City;£33.14;In stock
The Kite Runner;£33.14;In stock
The House by the Lake;£33.14;In stock
The Glittering Court (The Glittering Court #1);£33.14;In stock
The Girl on the Train;£33.14;In stock
The Genius of Birds;£33.14;In stock
The Emerald Mystery;£33.14;In stock
The Cookies & Cups Cookbook: 125+ sweet & savory recipes reminding you to Always Eat Dessert First;£33.14;In stock
The Bridge to Consciousness: I'm Writing the Bridge Between Science and Our Old and New Beliefs.;£32.00;In stock
The Artist's Way: A Spiritual Path to Higher Creativity;£32.00;In stock
The Art of War;£32.00;In stock
The Argonauts;£32.00;In stock
The 10% Entrepreneur: Live Your Startup Dream Without Quitting Your Day Job;£32.00;In stock
Suddenly in Love (Lake Haven #1);£32.00;In stock
Something More Than This;£32.00;In stock
Soft Apocalypse;£32.00;In stock
So You've Been Publicly Shamed;£32.00;In stock
Shoe Dog: A Memoir by the Creator of NIKE;£32.00;In stock
Shobu Samurai, Project Aryoku (#3);£32.00;In stock
Secrets and Lace (Fatal Hearts #1);£32.00;In stock
Scarlett Epstein Hates It Here;£32.00;In stock
Romero and Juliet: A Tragic Tale of Love and Zombies;£32.00;In stock
Redeeming Love;£32.00;In stock
Poses for Artists Volume 1 - Dynamic and Sitting Poses: An Essential Reference for Figure Drawing and the Human Form;£32.00;In stock
Poems That Make Grown Women Cry;£32.00;In stock
Nightingale, Sing;£32.00;In stock
Night Sky with Exit Wounds;£32.00;In stock
Mrs. Houdini;£32.00;In stock
Modern Romance;£28.26;In stock
Miss Peregrine’s Home for Peculiar Children (Miss Peregrine’s Peculiar Children #1);£28.26;In stock
Louisa: The Extraordinary Life of Mrs. Adams;£28.26;In stock
Little Red;£28.26;In stock
Library of Souls (Miss Peregrine’s Peculiar Children #3);£28.26;In stock
Large Print Heart of the Pride;£28.26;In stock
I Had a Nice Time And Other Lies...: How to find love & sh*t like that;£28.26;In stock
Hollow City (Miss Peregrine’s Peculiar Children #2);£28.26;In stock
Grumbles;£28.26;In stock
Full Moon over Noah’s Ark: An Odyssey to Mount Ararat and Beyond;£28.26;In stock
Frostbite (Vampire Academy #2);£28.26;In stock
Follow You Home;£28.26;In stock
First Steps for New Christians (Print Edition);£28.26;In stock
Finders Keepers (Bill Hodges Trilogy #2);£28.26;In stock
Fables, Vol. 1: Legends in Exile (Fables #1);£28.26;In stock
Eureka Trivia 6.0;£28.26;In stock
Drive: The Surprising Truth About What Motivates Us;£28.26;In stock
Done Rubbed Out (Reightman & Bailey #1);£28.26;In stock
Doing It Over (Most Likely To #1);£28.26;In stock
Deliciously Ella Every Day: Quick and Easy Recipes for Gluten-Free Snacks, Packed Lunches, and Simple Meals;£28.26;In stock
Dark Notes;£19.19;In stock
Daring Greatly: How the Courage to Be Vulnerable Transforms the Way We Live, Love, Parent, and Lead;£19.19;In stock
Close to You;£19.19;In stock
Chasing Heaven: What Dying Taught Me About Living;£19.19;In stock
Big Magic: Creative Living Beyond Fear;£19.19;In stock
Becoming Wise: An Inquiry into the Mystery and Art of Living;£19.19;In stock
Beauty Restored (Riley Family Legacy Novellas #3);£19.19;In stock
Batman: The Long Halloween (Batman);£19.19;In stock
Batman: The Dark Knight Returns (Batman);£19.19;In stock
Ayumi's Violin;£19.19;In stock
Anonymous;£19.19;In stock
Amy Meets the Saints and Sages;£19.19;In stock
Amid the Chaos;£19.19;In stock
Amatus;£19.19;In stock
Agnostic: A Spirited Manifesto;£19.19;In stock
Zealot: The Life and Times of Jesus of Nazareth;£19.19;In stock
You (You #1);£19.19;In stock
Wonder Woman: Earth One, Volume One (Wonder Woman: Earth One #1);£19.19;In stock
Wild Swans;£19.19;In stock
Why the Right Went Wrong: Conservatism--From Goldwater to the Tea Party and Beyond;£19.19;In stock
Whole Lotta Creativity Going On: 60 Fun and Unusual Exercises to Awaken and Strengthen Your Creativity;£38.20;In stock
What's It Like in Space?: Stories from Astronauts Who've Been There;£38.20;In stock
We Are Robin, Vol. 1: The Vigilante Business (We Are Robin #1);£38.20;In stock
Walt Disney's Alice in Wonderland;£38.20;In stock
V for Vendetta (V for Vendetta Complete);£38.20;In stock
Until Friday Night (The Field Party #1);£38.20;In stock
Unbroken: A World War II Story of Survival, Resilience, and Redemption;£38.20;In stock
Twenty Yawns;£38.20;In stock
Through the Woods;£38.20;In stock
This Is Where It Ends;£38.20;In stock
The Year of Magical Thinking;£38.20;In stock
The Wright Brothers;£38.20;In stock
The White Queen (The Cousins' War #1);£38.20;In stock
The Wedding Pact (The O'Malleys #2);£38.20;In stock
The Time Keeper;£38.20;In stock
The Testament of Mary;£38.20;In stock
The Star-Touched Queen;£38.20;In stock
The Songs of the Gods;£38.20;In stock
The Song of Achilles;£38.20;In stock
The Rosie Project (Don Tillman #1);£38.20;In stock
The Power of Habit: Why We Do What We Do in Life and Business;£16.88;In stock
The Marriage of Opposites;£16.88;In stock
The Lucifer Effect: Understanding How Good People Turn Evil;£16.88;In stock
The Long Haul (Diary of a Wimpy Kid #9);£16.88;In stock
The Loney;£16.88;In stock
The Literature Book (Big Ideas Simply Explained);£16.88;In stock
The Last Mile (Amos Decker #2);£16.88;In stock
The Immortal Life of Henrietta Lacks;£16.88;In stock
The Hidden Oracle (The Trials of Apollo #1);£16.88;In stock
The Help Yourself Cookbook for Kids: 60 Easy Plant-Based Recipes Kids Can Make to Stay Healthy and Save the Earth;£16.88;In stock
The Guilty (Will Robie #4);£16.88;In stock
The First Hostage (J.B. Collins #2);£16.88;In stock
The Dovekeepers;£16.88;In stock
The Darkest Lie;£16.88;In stock
The Bane Chronicles (The Bane Chronicles #1-11);£16.88;In stock
The Bad-Ass Librarians of Timbuktu: And Their Race to Save the World’s Most Precious Manuscripts;£16.88;In stock
The 14th Colony (Cotton Malone #11);£16.88;In stock
That Darkness (Gardiner and Renner #1);£16.88;In stock
Tastes Like Fear (DI Marnie Rome #3);£16.88;In stock
Take Me with You;£16.88;In stock
Swell: A Year of Waves;£45.58;In stock
Superman Vol. 1: Before Truth (Superman by Gene Luen Yang #1);£45.58;In stock
Still Life with Bread Crumbs;£45.58;In stock
Steve Jobs;£45.58;In stock
Sorting the Beef from the Bull: The Science of Food Fraud Forensics;£45.58;In stock
Someone Like You (The Harrisons #2);£45.58;In stock
So Cute It Hurts!!, Vol. 6 (So Cute It Hurts!! #6);£45.58;In stock
Shtum;£45.58;In stock
See America: A Celebration of Our National Parks & Treasured Sites;£45.58;In stock
salt.;£45.58;In stock
Robin War;£45.58;In stock
Red Hood/Arsenal, Vol. 1: Open for Business (Red Hood/Arsenal #1);£45.58;In stock
Rain Fish;£45.58;In stock
Quarter Life Poetry: Poems for the Young, Broke and Hangry;£45.58;In stock
Pet Sematary;£45.58;In stock
Overload: How to Unplug, Unwind, and Unleash Yourself from the Pressure of Stress;£45.58;In stock
Once Was a Time;£45.58;In stock
Old School (Diary of a Wimpy Kid #10);£45.58;In stock
No Dream Is Too High: Life Lessons From a Man Who Walked on the Moon;£45.58;In stock
Naruto (3-in-1 Edition), Vol. 14: Includes Vols. 40, 41 & 42 (Naruto: Omnibus #14);£45.58;In stock
My Name Is Lucy Barton;£41.56;In stock
My Mrs. Brown;£41.56;In stock
My Kind of Crazy;£41.56;In stock
Mr. Mercedes (Bill Hodges Trilogy #1);£41.56;In stock
More Than Music (Chasing the Dream #1);£41.56;In stock
Made to Stick: Why Some Ideas Survive and Others Die;£41.56;In stock
Luis Paints the World;£41.56;In stock
Luckiest Girl Alive;£41.56;In stock
Lowriders to the Center of the Earth (Lowriders in Space #2);£41.56;In stock
Love Is a Mix Tape (Music #1);£41.56;In stock
Looking for Lovely: Collecting the Moments that Matter;£41.56;In stock
Living Leadership by Insight: A Good Leader Achieves, a Great Leader Builds Monuments;£41.56;In stock
Let It Out: A Journey Through Journaling;£41.56;In stock
Lady Midnight (The Dark Artifices #1);£41.56;In stock
It's All Easy: Healthy, Delicious Weeknight Meals in under 30 Minutes;£41.56;In stock
Island of Dragons (Unwanteds #7);£41.56;In stock
I Know What I'm Doing -- and Other Lies I Tell Myself: Dispatches from a Life Under Construction;£41.56;In stock
I Am Pilgrim (Pilgrim #1);£41.56;In stock
Hyperbole and a Half: Unfortunate Situations, Flawed Coping Mechanisms, Mayhem, and Other Things That Happened;£41.56;In stock
Hush, Hush (Hush, Hush #1);£41.56;In stock
Hold Your Breath (Search and Rescue #1);£28.82;In stock
Hamilton: The Revolution;£28.82;In stock
Greek Mythic History;£28.82;In stock
God: The Most Unpleasant Character in All Fiction;£28.82;In stock
Glory over Everything: Beyond The Kitchen House;£28.82;In stock
Feathers: Displays of Brilliant Plumage;£28.82;In stock
Far & Away: Places on the Brink of Change: Seven Continents, Twenty-Five Years;£28.82;In stock
Every Last Word;£28.82;In stock
Eligible (The Austen Project #4);£28.82;In stock
El Deafo;£28.82;In stock
Eight Hundred Grapes;£28.82;In stock
Eaternity: More than 150 Deliciously Easy Vegan Recipes for a Long, Healthy, Satisfied, Joyful Life;£28.82;In stock
Eat Fat, Get Thin;£28.82;In stock
Don't Get Caught;£28.82;In stock
Doctor Sleep (The Shining #2);£28.82;In stock
Demigods & Magicians: Percy and Annabeth Meet the Kanes (Percy Jackson & Kane Chronicles Crossover #1-3);£28.82;In stock
Dear Mr. Knightley;£28.82;In stock
Daily Fantasy Sports;£28.82;In stock
Crazy Love: Overwhelmed by a Relentless God;£28.82;In stock
Cometh the Hour (The Clifton Chronicles #6);£28.82;In stock
Code Name Verity (Code Name Verity #1);£22.13;In stock
Clockwork Angel (The Infernal Devices #1);£22.13;In stock
City of Glass (The Mortal Instruments #3);£22.13;In stock
City of Fallen Angels (The Mortal Instruments #4);£22.13;In stock
City of Bones (The Mortal Instruments #1);£22.13;In stock
City of Ashes (The Mortal Instruments #2);£22.13;In stock
Cell;£22.13;In stock
Catching Jordan (Hundred Oaks);£22.13;In stock
Carry On, Warrior: Thoughts on Life Unarmed;£22.13;In stock
Carrie;£22.13;In stock
Buying In: The Secret Dialogue Between What We Buy and Who We Are;£22.13;In stock
Brain on Fire: My Month of Madness;£22.13;In stock
Batman: Europa;£22.13;In stock
Barefoot Contessa Back to Basics;£22.13;In stock
Barefoot Contessa at Home: Everyday Recipes You'll Make Over and Over Again;£22.13;In stock
Balloon Animals;£22.13;In stock
Art Ops Vol. 1;£22.13;In stock
Aristotle and Dante Discover the Secrets of the Universe (Aristotle and Dante Discover the Secrets of the Universe #1);£22.13;In stock
Angels Walking (Angels Walking #1);£22.13;In stock
Angels & Demons (Robert Langdon #1);£22.13;In stock
All the Light We Cannot See;£29.87;In stock
"Adulthood Is a Myth: A ""Sarah's Scribbles"" Collection";£29.87;In stock
Abstract City;£29.87;In stock
A Time of Torment (Charlie Parker #14);£29.87;In stock
A Study in Scarlet (Sherlock Holmes #1);£29.87;In stock
A Series of Catastrophes and Miracles: A True Story of Love, Science, and Cancer;£29.87;In stock
A People's History of the United States;£29.87;In stock
A Man Called Ove;£29.87;In stock
A Distant Mirror: The Calamitous 14th Century;£29.87;In stock
A Brush of Wings (Angels Walking #3);£29.87;In stock
1491: New Revelations of the Americas Before Columbus;£29.87;In stock
The Three Searches, Meaning, and the Story;£29.87;In stock
Searching for Meaning in Gailana;£29.87;In stock
Rook;£29.87;In stock
My Kitchen Year: 136 Recipes That Saved My Life;£29.87;In stock
13 Hours: The Inside Account of What Really Happened In Benghazi;£29.87;In stock
Will You Won't You Want Me?;£29.87;In stock
Tipping Point for Planet Earth: How Close Are We to the Edge?;£29.87;In stock
The Star-Touched Queen;£29.87;In stock
The Silent Sister (Riley MacPherson #1);£29.87;In stock
The Midnight Watch: A Novel of the Titanic and the Californian;£26.20;In stock
The Lonely City: Adventures in the Art of Being Alone;£26.20;In stock
The Gray Rhino: How to Recognize and Act on the Obvious Dangers We Ignore;£26.20;In stock
The Golden Condom: And Other Essays on Love Lost and Found;£26.20;In stock
The Epidemic (The Program 0.6);£26.20;In stock
The Dinner Party;£26.20;In stock
The Diary of a Young Girl;£26.20;In stock
The Children;£26.20;In stock
Stars Above (The Lunar Chronicles #4.5);£26.20;In stock
Snatched: How A Drug Queen Went Undercover for the DEA and Was Kidnapped By Colombian Guerillas;£26.20;In stock
Raspberry Pi Electronics Projects for the Evil Genius;£26.20;In stock
Quench Your Own Thirst: Business Lessons Learned Over a Beer or Two;£26.20;In stock
Psycho: Sanitarium (Psycho #1.5);£26.20;In stock
Poisonous (Max Revere Novels #3);£26.20;In stock
One with You (Crossfire #5);£26.20;In stock
No Love Allowed (Dodge Cove #1);£26.20;In stock
Murder at the 42nd Street Library (Raymond Ambler #1);£26.20;In stock
Most Wanted;£26.20;In stock
Love, Lies and Spies;£26.20;In stock
How to Speak Golf: An Illustrated Guide to Links Lingo;£26.20;In stock
Hide Away (Eve Duncan #20);£11.84;In stock
Furiously Happy: A Funny Book About Horrible Things;£11.84;In stock
Everyday Italian: 125 Simple and Delicious Recipes;£11.84;In stock
Equal Is Unfair: America's Misguided Fight Against Income Inequality;£11.84;In stock
Eleanor & Park;£11.84;In stock
Dirty (Dive Bar #1);£11.84;In stock
Can You Keep a Secret? (Fear Street Relaunch #4);£11.84;In stock
Boar Island (Anna Pigeon #19);£11.84;In stock
A Paris Apartment;£11.84;In stock
A la Mode: 120 Recipes in 60 Pairings: Pies, Tarts, Cakes, Crisps, and More Topped with Ice Cream, Gelato, Frozen Custard, and More;£11.84;In stock
Troublemaker: Surviving Hollywood and Scientology;£11.84;In stock
The Widow;£11.84;In stock
The Sleep Revolution: Transforming Your Life, One Night at a Time;£11.84;In stock
The Improbability of Love;£11.84;In stock
The Art of Startup Fundraising;£11.84;In stock
Take Me Home Tonight (Rock Star Romance #3);£11.84;In stock
Sleeping Giants (Themis Files #1);£11.84;In stock
Setting the World on Fire: The Brief, Astonishing Life of St. Catherine of Siena;£11.84;In stock
Playing with Fire;£11.84;In stock
Off the Hook (Fishing for Trouble #1);£11.84;In stock
Mothering Sunday;£13.34;In stock
Mother, Can You Not?;£13.34;In stock
M Train;£13.34;In stock
Lilac Girls;£13.34;In stock
Lies and Other Acts of Love;£13.34;In stock
Lab Girl;£13.34;In stock
Keep Me Posted;£13.34;In stock
It Didn't Start with You: How Inherited Family Trauma Shapes Who We Are and How to End the Cycle;£13.34;In stock
Grey (Fifty Shades #4);£13.34;In stock
Exit, Pursued by a Bear;£13.34;In stock
Daredevils;£13.34;In stock
Cravings: Recipes for What You Want to Eat;£13.34;In stock
Born for This: How to Find the Work You Were Meant to Do;£13.34;In stock
Arena;£13.34;In stock
Adultery;£13.34;In stock
A Mother's Reckoning: Living in the Aftermath of Tragedy;£13.34;In stock
A Gentleman's Position (Society of Gentlemen #3);£13.34;In stock
11/22/63;£13.34;In stock
10% Happier: How I Tamed the Voice in My Head, Reduced Stress Without Losing My Edge, and Found Self-Help That Actually Works;£13.34;In stock
10-Day Green Smoothie Cleanse: Lose Up to 15 Pounds in 10 Days!;£13.34;In stock
Without Shame;£48.27;In stock
Watchmen;£48.27;In stock
Unlimited Intuition Now;£48.27;In stock
Underlying Notes;£48.27;In stock
The Shack;£48.27;In stock
The New Brand You: Your New Image Makes the Sale for You;£48.27;In stock
The Moosewood Cookbook: Recipes from Moosewood Restaurant, Ithaca, New York;£48.27;In stock
The Flowers Lied;£48.27;In stock
The Fabric of the Cosmos: Space, Time, and the Texture of Reality;£48.27;In stock
The Book of Mormon;£48.27;In stock
The Art and Science of Low Carbohydrate Living;£48.27;In stock
The Alien Club;£48.27;In stock
Suzie Snowflake: One beautiful flake (a self-esteem story);£48.27;In stock
Nap-a-Roo;£48.27;In stock
NaNo What Now? Finding your editing process, revising your NaNoWriMo book and building a writing career through publishing and beyond;£48.27;In stock
Modern Day Fables;£48.27;In stock
If I Gave You God's Phone Number....: Searching for Spirituality in America;£48.27;In stock
Fruits Basket, Vol. 9 (Fruits Basket #9);£48.27;In stock
Dress Your Family in Corduroy and Denim;£48.27;In stock
Don't Forget Steven;£48.27;In stock
Chernobyl 01:23:40: The Incredible True Story of the World's Worst Nuclear Disaster;£35.92;In stock
Art and Fear: Observations on the Perils (and Rewards) of Artmaking;£35.92;In stock
A Shard of Ice (The Black Symphony Saga #1);£35.92;In stock
A Hero's Curse (The Unseen Chronicles #1);£35.92;In stock
23 Degrees South: A Tropical Tale of Changing Whether...;£35.92;In stock
Zero to One: Notes on Startups, or How to Build the Future;£35.92;In stock
Why Not Me?;£35.92;In stock
When Breath Becomes Air;£35.92;In stock
Vagabonding: An Uncommon Guide to the Art of Long-Term World Travel;£35.92;In stock
The Unlikely Pilgrimage of Harold Fry (Harold Fry #1);£35.92;In stock
The New Drawing on the Right Side of the Brain;£35.92;In stock
The Midnight Assassin: Panic, Scandal, and the Hunt for America's First Serial Killer;£35.92;In stock
The Martian (The Martian #1);£35.92;In stock
The High Mountains of Portugal;£35.92;In stock
The Grownup;£35.92;In stock
The E-Myth Revisited: Why Most Small Businesses Don't Work and What to Do About It;£35.92;In stock
South of Sunshine;£35.92;In stock
Smarter Faster Better: The Secrets of Being Productive in Life and Business;£35.92;In stock
Silence in the Dark (Logan Point #4);£35.92;In stock
Shadows of the Past (Logan Point #1);£35.92;In stock
Roller Girl;£14.10;In stock
Rising Strong;£14.10;In stock
Proofs of God: Classical Arguments from Tertullian to Barth;£14.10;In stock
Please Kill Me: The Uncensored Oral History of Punk;£14.10;In stock
Out of Print: City Lights Spotlight No. 14;£14.10;In stock
My Life Next Door (My Life Next Door );£14.10;In stock
Miller's Valley;£14.10;In stock
Man's Search for Meaning;£14.10;In stock
Love That Boy: What Two Presidents, Eight Road Trips, and My Son Taught Me About a Parent's Expectations;£14.10;In stock
Living Forward: A Proven Plan to Stop Drifting and Get the Life You Want;£14.10;In stock
Les Fleurs du Mal;£14.10;In stock
Left Behind (Left Behind #1);£14.10;In stock
Kill 'Em and Leave: Searching for James Brown and the American Soul;£14.10;In stock
Kierkegaard: A Christian Missionary to Christians;£14.10;In stock
John Vassos: Industrial Design for Modern Life;£14.10;In stock
I'll Give You the Sun;£14.10;In stock
I Will Find You;£14.10;In stock
Hystopia: A Novel;£14.10;In stock
Howl and Other Poems;£14.10;In stock
History of Beauty;£14.10;In stock
Heaven is for Real: A Little Boy's Astounding Story of His Trip to Heaven and Back;£52.86;In stock
Future Shock (Future Shock #1);£52.86;In stock
Ender's Game (The Ender Quintet #1);£52.86;In stock
Diary of a Citizen Scientist: Chasing Tiger Beetles and Other New Ways of Engaging the World;£52.86;In stock
Death by Leisure: A Cautionary Tale;£52.86;In stock
Brilliant Beacons: A History of the American Lighthouse;£52.86;In stock
Brazen: The Courage to Find the You That's Been Hiding;£52.86;In stock
Between the World and Me;£52.86;In stock
Being Mortal: Medicine and What Matters in the End;£52.86;In stock
A Murder Over a Girl: Justice, Gender, Junior High;£52.86;In stock
32 Yolks;£52.86;In stock
"""Most Blessed of the Patriarchs"": Thomas Jefferson and the Empire of the Imagination";£52.86;In stock
You Are a Badass: How to Stop Doubting Your Greatness and Start Living an Awesome Life;£52.86;In stock
Wildlife of New York: A Five-Borough Coloring Book;£52.86;In stock
What Happened on Beale Street (Secrets of the South Mysteries #2);£52.86;In stock
Unreasonable Hope: Finding Faith in the God Who Brings Purpose to Your Pain;£52.86;In stock
Under the Tuscan Sun;£52.86;In stock
Toddlers Are A**holes: It's Not Your Fault;£52.86;In stock
The Year of Living Biblically: One Man's Humble Quest to Follow the Bible as Literally as Possible;£52.86;In stock
The Whale;£52.86;In stock
The Story of Art;£41.14;In stock
The Origin of Species;£41.14;In stock
The Great Gatsby;£41.14;In stock
The Good Girl;£41.14;In stock
The Glass Castle;£41.14;In stock
The Faith of Christopher Hitchens: The Restless Soul of the World's Most Notorious Atheist;£41.14;In stock
The Drowning Girls;£41.14;In stock
The Constant Princess (The Tudor Court #1);£41.14;In stock
The Bourne Identity (Jason Bourne #1);£41.14;In stock
The Bachelor Girl's Guide to Murder (Herringford and Watts Mysteries #1);£41.14;In stock
The Art Book;£41.14;In stock
The 7 Habits of Highly Effective People: Powerful Lessons in Personal Change;£41.14;In stock
Team of Rivals: The Political Genius of Abraham Lincoln;£41.14;In stock
Steal Like an Artist: 10 Things Nobody Told You About Being Creative;£41.14;In stock
Sit, Stay, Love;£41.14;In stock
Sister Dear;£41.14;In stock
Shrunken Treasures: Literary Classics, Short, Sweet, and Silly;£41.14;In stock
Rich Dad, Poor Dad;£41.14;In stock
Raymie Nightingale;£41.14;In stock
Playing from the Heart;£41.14;In stock
Nightstruck: A Novel;£50.35;In stock
Naturally Lean: 125 Nourishing Gluten-Free, Plant-Based Recipes--All Under 300 Calories;£50.35;In stock
Meternity;£50.35;In stock
Memoirs of a Geisha;£50.35;In stock
Like Never Before (Walker Family #2);£50.35;In stock
Life of Pi;£50.35;In stock
Leave This Song Behind: Teen Poetry at Its Best;£50.35;In stock
King's Folly (The Kinsman Chronicles #1);£50.35;In stock
John Adams;£50.35;In stock
How to Cook Everything Vegetarian: Simple Meatless Recipes for Great Food (How to Cook Everything);£50.35;In stock
How to Be a Domestic Goddess: Baking and the Art of Comfort Cooking;£50.35;In stock
Good in Bed (Cannie Shapiro #1);£50.35;In stock
Fruits Basket, Vol. 7 (Fruits Basket #7);£50.35;In stock
For the Love: Fighting for Grace in a World of Impossible Standards;£50.35;In stock
Finding God in the Ruins: How God Redeems Pain;£50.35;In stock
Every Heart a Doorway (Every Heart A Doorway #1);£50.35;In stock
Delivering the Truth (Quaker Midwife Mystery #1);£50.35;In stock
Counted With the Stars (Out from Egypt #1);£50.35;In stock
Chronicles, Vol. 1;£50.35;In stock
Blue Like Jazz: Nonreligious Thoughts on Christian Spirituality;£50.35;In stock
Benjamin Franklin: An American Life;£48.19;In stock
At The Existentialist Café: Freedom, Being, and apricot cocktails with: Jean-Paul Sartre, Simone de Beauvoir, Albert Camus, Martin Heidegger, Edmund Husserl, Karl Jaspers, Maurice Merleau-Ponty and others;£48.19;In stock
A Summer In Europe;£48.19;In stock
A Short History of Nearly Everything;£48.19;In stock
A Gathering of Shadows (Shades of Magic #2);£48.19;In stock
The Sound Of Love;£48.19;In stock
The Rise and Fall of the Third Reich: A History of Nazi Germany;£48.19;In stock
The Perks of Being a Wallflower;£48.19;In stock
The Mysterious Affair at Styles (Hercule Poirot #1);£48.19;In stock
The Man Who Mistook His Wife for a Hat and Other Clinical Tales;£48.19;In stock
The Makings of a Fatherless Child;£48.19;In stock
The Joy of Cooking;£48.19;In stock
The Invention of Wings;£48.19;In stock
The Hobbit (Middle-Earth Universe);£48.19;In stock
The Great Railway Bazaar;£48.19;In stock
The Golden Compass (His Dark Materials #1);£48.19;In stock
The God Delusion;£48.19;In stock
The Girl You Left Behind (The Girl You Left Behind #1);£48.19;In stock
The Fellowship of the Ring (The Lord of the Rings #1);£48.19;In stock
The Collected Poems of W.B. Yeats (The Collected Works of W.B. Yeats #1);£48.19;In stock
The Barefoot Contessa Cookbook;£59.92;In stock
Tell the Wolves I'm Home;£59.92;In stock
Ship Leaves Harbor: Essays on Travel by a Recovering Journeyman;£59.92;In stock
Pride and Prejudice;£59.92;In stock
Musicophilia: Tales of Music and the Brain;£59.92;In stock
Mere Christianity;£59.92;In stock
Me Before You (Me Before You #1);£59.92;In stock
In the Woods (Dublin Murder Squad #1);£59.92;In stock
In Cold Blood;£59.92;In stock
How to Stop Worrying and Start Living;£59.92;In stock
Give It Back;£59.92;In stock
Girl, Interrupted;£59.92;In stock
Fun Home: A Family Tragicomic;£59.92;In stock
Fruits Basket, Vol. 6 (Fruits Basket #6);£59.92;In stock
Deception Point;£59.92;In stock
Death Note, Vol. 6: Give-and-Take (Death Note #6);£59.92;In stock
Catherine the Great: Portrait of a Woman;£59.92;In stock
Better Homes and Gardens New Cook Book;£59.92;In stock
An Unquiet Mind: A Memoir of Moods and Madness;£59.92;In stock
A Year in Provence (Provence #1);£59.92;In stock
World Without End (The Pillars of the Earth #2);£32.97;In stock
Will Grayson, Will Grayson (Will Grayson, Will Grayson);£32.97;In stock
Why Save the Bankers?: And Other Essays on Our Economic and Political Crisis;£32.97;In stock
Where She Went (If I Stay #2);£32.97;In stock
What If?: Serious Scientific Answers to Absurd Hypothetical Questions;£32.97;In stock
Two Summers;£32.97;In stock
This Is Your Brain on Music: The Science of a Human Obsession;£32.97;In stock
The Secret Garden;£32.97;In stock
The Raven King (The Raven Cycle #4);£32.97;In stock
The Raven Boys (The Raven Cycle #1);£32.97;In stock
The Power Greens Cookbook: 140 Delicious Superfood Recipes;£32.97;In stock
The Metamorphosis;£32.97;In stock
The Mathews Men: Seven Brothers and the War Against Hitler's U-boats;£32.97;In stock
The Little Paris Bookshop;£32.97;In stock
The Hiding Place;£32.97;In stock
The Grand Design;£32.97;In stock
The Firm;£32.97;In stock
The Fault in Our Stars;£32.97;In stock
The False Prince (The Ascendance Trilogy #1);£32.97;In stock
The Expatriates;£32.97;In stock
The Dream Thieves (The Raven Cycle #2);£34.50;In stock
The Darkest Corners;£34.50;In stock
The Crossover;£34.50;In stock
The 5th Wave (The 5th Wave #1);£34.50;In stock
Tell the Wind and Fire;£34.50;In stock
Tell Me Three Things;£34.50;In stock
Talking to Girls About Duran Duran: One Young Man's Quest for True Love and a Cooler Haircut;£34.50;In stock
Siddhartha;£34.50;In stock
Shiver (The Wolves of Mercy Falls #1);£34.50;In stock
Remember Me?;£34.50;In stock
Red Dragon (Hannibal Lecter #1);£34.50;In stock
Peak: Secrets from the New Science of Expertise;£34.50;In stock
My Mother Was Nuts;£34.50;In stock
Mexican Today: New and Rediscovered Recipes for Contemporary Kitchens;£34.50;In stock
Maybe Something Beautiful: How Art Transformed a Neighborhood;£34.50;In stock
Lola and the Boy Next Door (Anna and the French Kiss #2);£34.50;In stock
Logan Kade (Fallen Crest High #5.5);£34.50;In stock
Last One Home (New Beginnings #1);£34.50;In stock
Killing Floor (Jack Reacher #1);£34.50;In stock
Kill the Boy Band;£34.50;In stock
Isla and the Happily Ever After (Anna and the French Kiss #3);£48.13;In stock
If I Stay (If I Stay #1);£48.13;In stock
I Know Why the Caged Bird Sings (Maya Angelou's Autobiography #1);£48.13;In stock
Harry Potter and the Deathly Hallows (Harry Potter #7);£48.13;In stock
Fruits Basket, Vol. 5 (Fruits Basket #5);£48.13;In stock
Foundation (Foundation (Publication Order) #1);£48.13;In stock
Fool Me Once;£48.13;In stock
Find Her (Detective D.D. Warren #8);£48.13;In stock
Evicted: Poverty and Profit in the American City;£48.13;In stock
Drama;£48.13;In stock
Dracula the Un-Dead;£48.13;In stock
Digital Fortress;£48.13;In stock
Death Note, Vol. 5: Whiteout (Death Note #5);£48.13;In stock
Data, A Love Story: How I Gamed Online Dating to Meet My Match;£48.13;In stock
Critique of Pure Reason;£48.13;In stock
Booked;£48.13;In stock
Blue Lily, Lily Blue (The Raven Cycle #3);£48.13;In stock
Approval Junkie: Adventures in Caring Too Much;£48.13;In stock
An Abundance of Katherines;£48.13;In stock
America's War for the Greater Middle East: A Military History;£48.13;In stock
Alight (The Generations Trilogy #2);£58.59;In stock
A Girl's Guide to Moving On (New Beginnings #2);£58.59;In stock
A Game of Thrones (A Song of Ice and Fire #1);£58.59;In stock
A Feast for Crows (A Song of Ice and Fire #4);£58.59;In stock
A Clash of Kings (A Song of Ice and Fire #2);£58.59;In stock
Vogue Colors A to Z: A Fashion Coloring Book;£58.59;In stock
The Shining (The Shining #1);£58.59;In stock
The Pilgrim's Progress;£58.59;In stock
The Perfect Play (Play by Play #1);£58.59;In stock
The Passion of Dolssa;£58.59;In stock
The Jazz of Physics: The Secret Link Between Music and the Structure of the Universe;£58.59;In stock
The Hunger Games (The Hunger Games #1);£58.59;In stock
The Hound of the Baskervilles (Sherlock Holmes #5);£58.59;In stock
The Gunning of America: Business and the Making of American Gun Culture;£58.59;In stock
The Geography of Bliss: One Grump's Search for the Happiest Places in the World;£58.59;In stock
The Demonists (Demonist #1);£58.59;In stock
The Demon Prince of Momochi House, Vol. 4 (The Demon Prince of Momochi House #4);£58.59;In stock
The Bone Hunters (Lexy Vaughan & Steven Macaulay #2);£58.59;In stock
The Beast (Black Dagger Brotherhood #14);£58.59;In stock
Some Women;£58.59;In stock
Shopaholic Ties the Knot (Shopaholic #3);£48.39;In stock
Paper and Fire (The Great Library #2);£48.39;In stock
Outlander (Outlander #1);£48.39;In stock
Orchestra of Exiles: The Story of Bronislaw Huberman, the Israel Philharmonic, and the One Thousand Jews He Saved from Nazi Horrors;£48.39;In stock
No One Here Gets Out Alive;£48.39;In stock
Night Shift (Night Shift #1-20);£48.39;In stock
Needful Things;£48.39;In stock
Mockingjay (The Hunger Games #3);£48.39;In stock
Misery;£48.39;In stock
Little Women (Little Women #1);£48.39;In stock
It;£48.39;In stock
Harry Potter and the Sorcerer's Stone (Harry Potter #1);£48.39;In stock
Harry Potter and the Prisoner of Azkaban (Harry Potter #3);£48.39;In stock
Harry Potter and the Order of the Phoenix (Harry Potter #5);£48.39;In stock
Harry Potter and the Half-Blood Prince (Harry Potter #6);£48.39;In stock
Harry Potter and the Chamber of Secrets (Harry Potter #2);£48.39;In stock
Gone with the Wind;£48.39;In stock
God Is Not Great: How Religion Poisons Everything;£48.39;In stock
Girl With a Pearl Earring;£48.39;In stock
Fruits Basket, Vol. 4 (Fruits Basket #4);£48.39;In stock
Far From True (Promise Falls Trilogy #2);£34.93;In stock
Dark Lover (Black Dagger Brotherhood #1);£34.93;In stock
Confessions of a Shopaholic (Shopaholic #1);£34.93;In stock
Changing the Game (Play by Play #2);£34.93;In stock
Candide;£34.93;In stock
Can You Keep a Secret?;£34.93;In stock
Atlas Shrugged;£34.93;In stock
Animal Farm;£34.93;In stock
A Walk to Remember;£34.93;In stock
A New Earth: Awakening to Your Life's Purpose;£34.93;In stock
A History of God: The 4,000-Year Quest of Judaism, Christianity, and Islam;£34.93;In stock
'Salem's Lot;£34.93;In stock
Zero History (Blue Ant #3);£34.93;In stock
Wuthering Heights;£34.93;In stock
World War Z: An Oral History of the Zombie War;£34.93;In stock
Wild: From Lost to Found on the Pacific Crest Trail;£34.93;In stock
Where'd You Go, Bernadette;£34.93;In stock
When You Are Engulfed in Flames;£34.93;In stock
We the People: The Modern-Day Figures Who Have Reshaped and Affirmed the Founding Fathers' Vision of America;£34.93;In stock
We Are All Completely Beside Ourselves;£34.93;In stock
Walk the Edge (Thunder Road #2);£32.36;In stock
Voyager (Outlander #3);£32.36;In stock
Very Good Lives: The Fringe Benefits of Failure and the Importance of Imagination;£32.36;In stock
Vegan Vegetarian Omnivore: Dinner for Everyone at the Table;£32.36;In stock
Unstuffed: Decluttering Your Home, Mind, and Soul;£32.36;In stock
Under the Banner of Heaven: A Story of Violent Faith;£32.36;In stock
Two Boys Kissing;£32.36;In stock
Twilight (Twilight #1);£32.36;In stock
Twenties Girl;£32.36;In stock
Trespassing Across America: One Man's Epic, Never-Done-Before (and Sort of Illegal) Hike Across the Heartland;£32.36;In stock
Three-Martini Lunch;£32.36;In stock
Thinking, Fast and Slow;£32.36;In stock
The Wild Robot;£32.36;In stock
The Wicked + The Divine, Vol. 3: Commercial Suicide (The Wicked + The Divine);£32.36;In stock
The Undomestic Goddess;£32.36;In stock
The Travelers;£32.36;In stock
The Tipping Point: How Little Things Can Make a Big Difference;£32.36;In stock
The Thing About Jellyfish;£32.36;In stock
The Stand;£32.36;In stock
The Smitten Kitchen Cookbook;£32.36;In stock
The Silkworm (Cormoran Strike #2);£23.05;In stock
The Sandman, Vol. 3: Dream Country (The Sandman (volumes) #3);£23.05;In stock
The Rose & the Dagger (The Wrath and the Dawn #2);£23.05;In stock
The Road to Little Dribbling: Adventures of an American in Britain (Notes From a Small Island #2);£23.05;In stock
The Rise of Theodore Roosevelt (Theodore Roosevelt #1);£23.05;In stock
The Restaurant at the End of the Universe (Hitchhiker's Guide to the Galaxy #2);£23.05;In stock
The Rest Is Noise: Listening to the Twentieth Century;£23.05;In stock
The Red Tent;£23.05;In stock
The Purpose Driven Life: What on Earth Am I Here for?;£23.05;In stock
The Purest Hook (Second Circle Tattoos #3);£23.05;In stock
The Picture of Dorian Gray;£23.05;In stock
The Paris Wife;£23.05;In stock
The Obsession;£23.05;In stock
The Nightingale;£23.05;In stock
The New Guy (and Other Senior Year Distractions);£23.05;In stock
The Nanny Diaries (Nanny #1);£23.05;In stock
The Name of God is Mercy;£23.05;In stock
The Maze Runner (The Maze Runner #1);£23.05;In stock
The Lover's Dictionary;£23.05;In stock
The Lonely Ones;£23.05;In stock
The Lean Startup: How Today's Entrepreneurs Use Continuous Innovation to Create Radically Successful Businesses;£33.92;In stock
The Last Painting of Sara de Vos;£33.92;In stock
The Land of 10,000 Madonnas;£33.92;In stock
The Infinities;£33.92;In stock
The Husband's Secret;£33.92;In stock
The Hitchhiker's Guide to the Galaxy (Hitchhiker's Guide to the Galaxy #1);£33.92;In stock
The Guns of August;£33.92;In stock
The Guernsey Literary and Potato Peel Pie Society;£33.92;In stock
The Goldfinch;£33.92;In stock
The Giver (The Giver Quartet #1);£33.92;In stock
The Girl with All the Gifts;£33.92;In stock
The Girl Who Played with Fire (Millennium Trilogy #2);£33.92;In stock
The Girl Who Kicked the Hornet's Nest (Millennium Trilogy #3);£33.92;In stock
The Exiled;£33.92;In stock
The End of Faith: Religion, Terror, and the Future of Reason;£33.92;In stock
The Elegant Universe: Superstrings, Hidden Dimensions, and the Quest for the Ultimate Theory;£33.92;In stock
The Disappearing Spoon: And Other True Tales of Madness, Love, and the History of the World from the Periodic Table of the Elements;£33.92;In stock
The Devil Wears Prada (The Devil Wears Prada #1);£33.92;In stock
The Demon-Haunted World: Science as a Candle in the Dark;£33.92;In stock
The Day the Crayons Came Home (Crayons);£33.92;In stock
The Da Vinci Code (Robert Langdon #2);£22.96;In stock
The Cuckoo's Calling (Cormoran Strike #1);£22.96;In stock
The Complete Stories and Poems (The Works of Edgar Allan Poe [Cameo Edition]);£22.96;In stock
The Complete Poems;£22.96;In stock
The Catcher in the Rye;£22.96;In stock
The Cat in the Hat (Beginner Books B-1);£22.96;In stock
The Case for Christ (Cases for Christianity);£22.96;In stock
The Book Thief;£22.96;In stock
The Book of Basketball: The NBA According to The Sports Guy;£22.96;In stock
The Blind Side: Evolution of a Game;£22.96;In stock
The Autobiography of Malcolm X;£22.96;In stock
The Art of Simple Food: Notes, Lessons, and Recipes from a Delicious Revolution;£22.96;In stock
The Art of Fielding;£22.96;In stock
Surely You're Joking, Mr. Feynman!: Adventures of a Curious Character;£22.96;In stock
Stiff: The Curious Lives of Human Cadavers;£22.96;In stock
Spilled Milk: Based on a True Story;£22.96;In stock
Something Borrowed (Darcy & Rachel #1);£22.96;In stock
Something Blue (Darcy & Rachel #2);£22.96;In stock
Soldier (Talon #3);£22.96;In stock
Shopaholic & Baby (Shopaholic #5);£22.96;In stock
Seven Days in the Art World;£52.33;In stock
Seven Brief Lessons on Physics;£52.33;In stock
Scarlet (The Lunar Chronicles #2);£52.33;In stock
Sarah's Key;£52.33;In stock
Saga, Volume 3 (Saga (Collected Editions) #3);£52.33;In stock
Running with Scissors;£52.33;In stock
Rogue Lawyer (Rogue Lawyer #1);£52.33;In stock
Rise of the Rocket Girls: The Women Who Propelled Us, from Missiles to the Moon to Mars;£52.33;In stock
Rework;£52.33;In stock
Reservations for Two;£52.33;In stock
Red: The True Story of Red Riding Hood;£52.33;In stock
Ready Player One;£52.33;In stock
Quiet: The Power of Introverts in a World That Can't Stop Talking;£52.33;In stock
Prodigy: The Graphic Novel (Legend: The Graphic Novel #2);£52.33;In stock
Persepolis: The Story of a Childhood (Persepolis #1-2);£52.33;In stock
Packing for Mars: The Curious Science of Life in the Void;£52.33;In stock
Outliers: The Story of Success;£52.33;In stock
Original Fake;£52.33;In stock
Orange Is the New Black;£52.33;In stock
One for the Money (Stephanie Plum #1);£52.33;In stock
Notes from a Small Island (Notes From a Small Island #1);£40.17;In stock
Night (The Night Trilogy #1);£40.17;In stock
Neither Here nor There: Travels in Europe;£40.17;In stock
Naked;£40.17;In stock
Morning Star (Red Rising #3);£40.17;In stock
Miracles from Heaven: A Little Girl, Her Journey to Heaven, and Her Amazing Story of Healing;£40.17;In stock
Midnight Riot (Peter Grant/ Rivers of London - books #1);£40.17;In stock
Me Talk Pretty One Day;£40.17;In stock
Manuscript Found in Accra;£40.17;In stock
Lust & Wonder;£40.17;In stock
Lila (Gilead #3);£40.17;In stock
Life, the Universe and Everything (Hitchhiker's Guide to the Galaxy #3);£40.17;In stock
Life Without a Recipe;£40.17;In stock
Life After Life;£40.17;In stock
Letter to a Christian Nation;£40.17;In stock
Let's Pretend This Never Happened: A Mostly True Memoir;£40.17;In stock
Legend (Legend #1);£40.17;In stock
Lean In: Women, Work, and the Will to Lead;£40.17;In stock
Lamb: The Gospel According to Biff, Christ's Childhood Pal;£40.17;In stock
Lady Renegades (Rebel Belle #3);£40.17;In stock
Jurassic Park (Jurassic Park #1);£44.97;In stock
It's Never Too Late to Begin Again: Discovering Creativity and Meaning at Midlife and Beyond;£44.97;In stock
Is Everyone Hanging Out Without Me? (And Other Concerns);£44.97;In stock
Into the Wild;£44.97;In stock
Inferno (Robert Langdon #4);£44.97;In stock
In the Garden of Beasts: Love, Terror, and an American Family in Hitler's Berlin;£44.97;In stock
If I Run (If I Run #1);£44.97;In stock
I've Got Your Number;£44.97;In stock
I Am Malala: The Girl Who Stood Up for Education and Was Shot by the Taliban;£44.97;In stock
Hungry Girl Clean & Hungry: Easy All-Natural Recipes for Healthy Eating in the Real World;£44.97;In stock
House of Lost Worlds: Dinosaurs, Dynasties, and the Story of Life on Earth;£44.97;In stock
House of Leaves;£44.97;In stock
Horrible Bear!;£44.97;In stock
Holidays on Ice;£44.97;In stock
Heir to the Sky;£44.97;In stock
Green Eggs and Ham (Beginner Books B-16);£44.97;In stock
Grayson, Vol 3: Nemesis (Grayson #3);£44.97;In stock
Gratitude;£44.97;In stock
Gone Girl;£44.97;In stock
Golden (Heart of Dread #3);£44.97;In stock
Girl in the Blue Coat;£46.83;In stock
Fruits Basket, Vol. 3 (Fruits Basket #3);£46.83;In stock
Friday Night Lights: A Town, a Team, and a Dream;£46.83;In stock
Fire Bound (Sea Haven/Sisters of the Heart #5);£46.83;In stock
Fifty Shades Freed (Fifty Shades #3);£46.83;In stock
Fellside;£46.83;In stock
Extreme Prey (Lucas Davenport #26);£46.83;In stock
Eragon (The Inheritance Cycle #1);£46.83;In stock
Eclipse (Twilight #3);£46.83;In stock
Dune (Dune #1);£46.83;In stock
Dracula;£46.83;In stock
Do Androids Dream of Electric Sheep? (Blade Runner #1);£46.83;In stock
Disrupted: My Misadventure in the Start-Up Bubble;£46.83;In stock
Dead Wake: The Last Crossing of the Lusitania;£46.83;In stock
David and Goliath: Underdogs, Misfits, and the Art of Battling Giants;£46.83;In stock
Darkfever (Fever #1);£46.83;In stock
Dark Places;£46.83;In stock
Crazy Rich Asians (Crazy Rich Asians #1);£46.83;In stock
Counting Thyme;£46.83;In stock
Cosmos;£46.83;In stock
Civilization and Its Discontents;£59.95;In stock
Cinder (The Lunar Chronicles #1);£59.95;In stock
Catastrophic Happiness: Finding Joy in Childhood's Messy Years;£59.95;In stock
Career of Evil (Cormoran Strike #3);£59.95;In stock
Breaking Dawn (Twilight #4);£59.95;In stock
Brave Enough;£59.95;In stock
Boy Meets Boy;£59.95;In stock
Born to Run: A Hidden Tribe, Superathletes, and the Greatest Race the World Has Never Seen;£59.95;In stock
Blink: The Power of Thinking Without Thinking;£59.95;In stock
Black Flags: The Rise of ISIS;£59.95;In stock
Black Butler, Vol. 1 (Black Butler #1);£59.95;In stock
Big Little Lies;£59.95;In stock
Between Shades of Gray;£59.95;In stock
Best of My Love (Fool's Gold #20);£59.95;In stock
Beowulf;£59.95;In stock
Beautiful Creatures (Caster Chronicles #1);£59.95;In stock
Awkward;£59.95;In stock
Ash;£59.95;In stock
Are We There Yet?;£59.95;In stock
Are We Smart Enough to Know How Smart Animals Are?;£59.95;In stock
Annie on My Mind;£36.83;In stock
And Then There Were None;£36.83;In stock
A Walk in the Woods: Rediscovering America on the Appalachian Trail;£36.83;In stock
A Visit from the Goon Squad;£36.83;In stock
A Storm of Swords (A Song of Ice and Fire #3);£36.83;In stock
A Heartbreaking Work of Staggering Genius;£36.83;In stock
8 Keys to Mental Health Through Exercise;£36.83;In stock
#GIRLBOSS;£36.83;In stock
The Suffragettes (Little Black Classics, #96);£36.83;In stock
The Sense of an Ending;£36.83;In stock
The Sandman, Vol. 2: The Doll's House (The Sandman (volumes) #2);£36.83;In stock
The Course of Love;£36.83;In stock
Sugar Rush (Offensive Line #2);£36.83;In stock
Saga, Volume 2 (Saga (Collected Editions) #2);£36.83;In stock
Run, Spot, Run: The Ethics of Keeping Pets;£36.83;In stock
New Moon (Twilight #2);£36.83;In stock
Life;£36.83;In stock
Kindle Paperwhite User's Guide;£36.83;In stock
H is for Hawk;£36.83;In stock
Girl Online On Tour (Girl Online #2);£36.83;In stock
Fruits Basket, Vol. 2 (Fruits Basket #2);£11.64;In stock
Diary of a Minecraft Zombie Book 1: A Scare of a Dare (An Unofficial Minecraft Book);£11.64;In stock
Y: The Last Man, Vol. 1: Unmanned (Y: The Last Man #1);£11.64;In stock
While You Were Mine;£11.64;In stock
Where Lightning Strikes (Bleeding Stars #3);£11.64;In stock
When I'm Gone;£11.64;In stock
Ways of Seeing;£11.64;In stock
Vampire Knight, Vol. 1 (Vampire Knight #1);£11.64;In stock
Vampire Girl (Vampire Girl #1);£11.64;In stock
Twenty Love Poems and a Song of Despair;£11.64;In stock
Travels with Charley: In Search of America;£11.64;In stock
Three Wishes (River of Time: California #1);£11.64;In stock
This One Moment (Pushing Limits #1);£11.64;In stock
The Zombie Room;£11.64;In stock
The Wicked + The Divine, Vol. 1: The Faust Act (The Wicked + The Divine);£11.64;In stock
The Tumor;£11.64;In stock
The Story of Hong Gildong;£11.64;In stock
The Silent Wife;£11.64;In stock
The Silent Twin (Detective Jennifer Knight #3);£11.64;In stock
The Selfish Gene;£11.64;In stock
The Secret Healer;£34.56;In stock
The Sandman, Vol. 1: Preludes and Nocturnes (The Sandman (volumes) #1);£34.56;In stock
The Republic;£34.56;In stock
The Odyssey;£34.56;In stock
The No. 1 Ladies' Detective Agency (No. 1 Ladies' Detective Agency #1);£34.56;In stock
The Nicomachean Ethics;£34.56;In stock
The Name of the Wind (The Kingkiller Chronicle #1);£34.56;In stock
The Mirror & the Maze (The Wrath and the Dawn #1.5);£34.56;In stock
The Little Prince;£34.56;In stock
The Light of the Fireflies;£34.56;In stock
The Last Girl (The Dominion Trilogy #1);£34.56;In stock
The Iliad;£34.56;In stock
The Hook Up (Game On #1);£34.56;In stock
The Haters;£34.56;In stock
The Girl You Lost;£34.56;In stock
The Girl In The Ice (DCI Erika Foster #1);£34.56;In stock
The End of the Jesus Era (An Investigation #1);£34.56;In stock
The Edge of Reason (Bridget Jones #2);£34.56;In stock
The Complete Maus (Maus #1-2);£34.56;In stock
The Communist Manifesto;£34.56;In stock
The Bhagavad Gita;£57.49;In stock
The Bette Davis Club;£57.49;In stock
The Art of Not Breathing;£57.49;In stock
Taking Shots (Assassins #1);£57.49;In stock
Starlark;£57.49;In stock
Skip Beat!, Vol. 01 (Skip Beat! #1);£57.49;In stock
Sister Sable (The Mad Queen #1);£57.49;In stock
Shatter Me (Shatter Me #1);£57.49;In stock
Shameless;£57.49;In stock
Shadow Rites (Jane Yellowrock #10);£57.49;In stock
Settling the Score (The Summer Games #1);£57.49;In stock
Sense and Sensibility;£57.49;In stock
Saga, Volume 1 (Saga (Collected Editions) #1);£57.49;In stock
Rhythm, Chord & Malykhin;£57.49;In stock
Rat Queens, Vol. 1: Sass & Sorcery (Rat Queens (Collected Editions) #1-5);£57.49;In stock
Paradise Lost (Paradise #1);£57.49;In stock
Paper Girls, Vol. 1 (Paper Girls #1-5);£57.49;In stock
Ouran High School Host Club, Vol. 1 (Ouran High School Host Club #1);£57.49;In stock
Origins (Alphas 0.5);£57.49;In stock
One Second (Seven #7);£57.49;In stock
On the Road (Duluoz Legend);£32.36;In stock
Old Records Never Die: One Man's Quest for His Vinyl and His Past;£32.36;In stock
Off Sides (Off #1);£32.36;In stock
Of Mice and Men;£32.36;In stock
Myriad (Prentor #1);£32.36;In stock
My Perfect Mistake (Over the Top #1);£32.36;In stock
Ms. Marvel, Vol. 1: No Normal (Ms. Marvel (2014-2015) #1);£32.36;In stock
Meditations;£32.36;In stock
Matilda;£32.36;In stock
Lost Among the Living;£32.36;In stock
Lord of the Flies;£32.36;In stock
Listen to Me (Fusion #1);£32.36;In stock
Kitchens of the Great Midwest;£32.36;In stock
Jane Eyre;£32.36;In stock
Imperfect Harmony;£32.36;In stock
Icing (Aces Hockey #2);£32.36;In stock
Hawkeye, Vol. 1: My Life as a Weapon (Hawkeye #1);£32.36;In stock
Having the Barbarian's Baby (Ice Planet Barbarians #7.5);£32.36;In stock
Giant Days, Vol. 1 (Giant Days #1-4);£32.36;In stock
Fruits Basket, Vol. 1 (Fruits Basket #1);£32.36;In stock
Frankenstein;£38.00;In stock
Forever Rockers (The Rocker #12);£38.00;In stock
Fighting Fate (Fighting #6);£38.00;In stock
Emma;£38.00;In stock
Eat, Pray, Love;£38.00;In stock
Deep Under (Walker Security #1);£38.00;In stock
Choosing Our Religion: The Spiritual Lives of America's Nones;£38.00;In stock
Charlie and the Chocolate Factory (Charlie Bucket #1);£38.00;In stock
Charity's Cross (Charles Towne Belles #4);£38.00;In stock
Bright Lines;£38.00;In stock
Bridget Jones's Diary (Bridget Jones #1);£38.00;In stock
Bounty (Colorado Mountain #7);£38.00;In stock
Blood Defense (Samantha Brinkman #1);£38.00;In stock
Bleach, Vol. 1: Strawberry and the Soul Reapers (Bleach #1);£38.00;In stock
Beyond Good and Evil;£38.00;In stock
Alice in Wonderland (Alice's Adventures in Wonderland #1);£38.00;In stock
Ajin: Demi-Human, Volume 1 (Ajin: Demi-Human #1);£38.00;In stock
A Spy's Devotion (The Regency Spies of London #1);£38.00;In stock
1st to Die (Women's Murder Club #1);£38.00;In stock
1,000 Places to See Before You Die;£38.00;In stock
